{
  "aixord_version": "3.3.0",
  "platform": "GENESIS",
  "product_type": "idea-to-system",
  "disclaimer": {
    "accepted": false,
    "accepted_by": null,
    "accepted_date": null
  },
  "genesis_workflow": {
    "current_phase": "IDEATION",
    "phases_completed": [],
    "idea_captured": false,
    "scope_defined": false,
    "system_built": false
  },
  "project": {
    "name": "[Your Idea Name]",
    "objective": "",
    "status": "ideation"
  },
  "session": {
    "number": 1,
    "message_count": 0,
    "last_updated": ""
  }
}
