{
  "aixord_version": "3.3",
  "platform": "UNIVERSAL",
  "project": {
    "name": "[Your Project Name]",
    "objective": "",
    "objective_set_date": "",
    "scope_expansions": [],
    "created": "[Date]",
    "description": "[One-line description]",
    "status": "active"
  },
  "environment": {
    "tier": "[A|B|C]",
    "ai_platform": "[ChatGPT|Claude|Gemini|Copilot|DeepSeek|Other]",
    "premium_tier": false,
    "project_workspace_enabled": false,
    "variables_configured": false
  },
  "kingdom": "IDEATION",
  "phase": "DECISION",
  "ideation_gate": {
    "status": "BLOCKED",
    "checklist": {
      "master_scope_defined": false,
      "deliverables_enumerated": false,
      "steps_defined": false,
      "dag_mapped": false,
      "quality_evaluated": false,
      "mosa_checked": false,
      "oss_prioritized": false,
      "director_finalized": false
    },
    "override_reason": null
  },
  "session": {
    "number": 1,
    "message_count": 0,
    "message_threshold": 25,
    "last_updated": "[Timestamp]",
    "start_time": null
  },
  "disclaimer": {
    "accepted": false,
    "accepted_email": null,
    "accepted_date": null
  },
  "purpose_bound": {
    "enabled": true,
    "enforcement_level": "standard",
    "redirects_issued": 0,
    "scope_expansions_approved": 0
  },
  "behavioral_firewalls": {
    "default_suppression": true,
    "choice_elimination": true,
    "expansion_triggers_only": true,
    "hard_stop": true
  },
  "reasoning": {
    "trace_required": true,
    "assumption_disclosure": true,
    "recency_flags": true
  },
  "decisions": [],
  "decision_ledger": [],
  "reassessments": [],
  "status_ledger": {
    "scopes": []
  },
  "dag": {
    "nodes": [],
    "edges": [],
    "execution_order": []
  },
  "carryforward": [],
  "decomposition": {
    "master_scope": "",
    "scopes": [],
    "sub_scopes": []
  },
  "locking": {
    "state": "PLANNED",
    "locked_at": null,
    "locked_by": null
  },
  "quality_assessments": [],
  "visual_audit": {
    "pending_scopes": [],
    "last_audit": null,
    "last_audit_scope": null,
    "screenshots_reviewed": 0
  }
}
