{
  "aixord_version": "3.3",
  "variant": "enterprise",

  "license": {
    "identifier": "",
    "type": "",
    "validated": false
  },

  "disclaimer": {
    "accepted": false,
    "accepted_by": "",
    "accepted_date": ""
  },

  "methodology": {
    "selected": "",
    "type": "",
    "configured": false,
    "selection_date": ""
  },

  "project": {
    "name": "",
    "objective": "",
    "objective_format": "",
    "objective_set_date": "",
    "scope_expansions": [],
    "status": "pending"
  },

  "team_context": {
    "team_size": "",
    "user_role": "",
    "project_type": "",
    "timeline_pressure": "",
    "configured": false
  },

  "methodology_state": {
    "current_phase": "",
    "phase_history": [],
    "tollgates_passed": [],
    "sprints_completed": 0,
    "current_sprint": null
  },

  "sixsigma": {
    "problem_statement": "",
    "goal_statement": "",
    "project_charter": "",
    "sipoc_complete": false,
    "primary_metric": "",
    "baseline": "",
    "target": "",
    "measurement_system_validated": false,
    "root_causes": [],
    "root_causes_verified": false,
    "solutions": [],
    "pilot_status": "",
    "control_plan": "",
    "phase_deliverables": {
      "define": [],
      "measure": [],
      "analyze": [],
      "improve": [],
      "control": []
    }
  },

  "agile": {
    "product_goal": "",
    "sprint_goal": "",
    "sprint_number": 0,
    "sprint_start_date": "",
    "sprint_end_date": "",
    "sprint_length_days": 10,
    "velocity": [],
    "velocity_average": 0,
    "backlog_items": [],
    "committed_points": 0,
    "completed_points": 0,
    "definition_of_done": [],
    "retro_actions": []
  },

  "environment": {
    "tier": "",
    "organization": "",
    "team_size": ""
  },

  "folder": {
    "structure": "",
    "verified": false
  },

  "citation": {
    "mode": "standard"
  },

  "references": {
    "video_search": true,
    "code_search": true
  },

  "purpose_bound": {
    "enabled": true,
    "enforcement_level": "standard",
    "redirects_issued": 0,
    "scope_expansion_requests": []
  },

  "behavioral_firewalls": {
    "methodology_adherence": true,
    "phase_discipline": true,
    "data_driven": true,
    "ceremony_facilitation": true,
    "director_authority": true,
    "default_suppression": true,
    "choice_elimination": true,
    "expansion_triggers_only": true,
    "hard_stop": true
  },

  "session": {
    "number": 1,
    "message_count": 0,
    "current_kingdom": "ideation",
    "methodology_phase": "",
    "last_updated": ""
  },

  "decisions": [],
  "audit_trail": [],
  "carryforward": [],
  "checkpoints": []
}
